{
   "Wink2016": {
      "Beyer": {
         "R": 490.668750730957, 
         "avg_RMSE": 0.003491392292778718, 
         "fit": 67.76345735232086, 
         "v": 77.41286350335778
      }, 
      "Mogi": {
         "dV": 287.98147374701125, 
         "avg_RMSE": 0.034210176446647006, 
         "fit": 64.49948804292855
      }, 
      "Bals": {
         "H": 208.91053812580117, 
         "R": 298.3551686117855, 
         "avg_RMSE": 0.002954056604427445, 
         "fit": 72.90695304175672, 
         "v": 0.00034691933533114594
      }, 
      "Gaussian": {
         "R": 553.0609564207195, 
         "avg_RMSE": 0.0031029853674313544, 
         "fit": 71.14966173149341, 
         "v": 95.78920335026163
      }
   }, 
   "Nof2013": {
      "Beyer": {
         "R": 56.91200041756713, 
         "avg_RMSE": 0.13294080081555876, 
         "fit": 58.138059191278614, 
         "v": 9.579065134660315
      }, 
      "Mogi": {
         "dV": 6.676856276033911, 
         "avg_RMSE": 1.136537931420341, 
         "fit": 64.71144314212243
      }, 
      "Bals": {
         "H": 24.852638565223096, 
         "R": 35.493246229205575, 
         "avg_RMSE": 0.1233741429750966, 
         "fit": 61.278444917253104, 
         "v": 0.003135963968769697
      }, 
      "Gaussian": {
         "R": 62.34251452280463, 
         "avg_RMSE": 0.12972099501840034, 
         "fit": 59.19175962767963, 
         "v": 11.28941122776873
      }
   }, 
   "Baer2018_1": {
      "Beyer": {
         "R": 27.308273817005716, 
         "avg_RMSE": 0.005188999537145016, 
         "fit": 7.5569806054765145, 
         "v": 0.17263632842325774
      }, 
      "Mogi": {
         "dV": 227.83304796629446, 
         "avg_RMSE": 0.005031688141258457, 
         "fit": -5704.960770476388
      }, 
      "Bals": {
         "H": 10.162719992984242, 
         "R": 14.513868301058682, 
         "avg_RMSE": 0.005137911408496502, 
         "fit": 8.55679711760641, 
         "v": 0.00026218764348755885
      }, 
      "Gaussian": {
         "R": 30.800019218796024, 
         "avg_RMSE": 0.005031688141258457, 
         "fit": 7.645008516944047, 
         "v": 0.21321448157705633
      }
   }, 
   "Baer2018_2": {
      "Beyer": {
         "R": 29.73076793986849, 
         "avg_RMSE": 0.0023913609889351286, 
         "fit": 47.91665081559642, 
         "v": 0.504840378274493
      }, 
      "Mogi": {
         "dV": 1.0036314553589696, 
         "avg_RMSE": 0.01635899586386666, 
         "fit": 50.57396482933654
      }, 
      "Bals": {
         "H": 12.899257371487588, 
         "R": 18.422048703543528, 
         "avg_RMSE": 0.0025436055674418825, 
         "fit": 51.090333471753375, 
         "v": 0.0005936058312061829
      }, 
      "Gaussian": {
         "R": 33.4449024969088, 
         "avg_RMSE": 0.002364346632805547, 
         "fit": 48.93042139182347, 
         "v": 0.618339469688475
      }
   }, 
   "Baer2018_3": {
      "Beyer": {
         "R": 50.2620954408024, 
         "avg_RMSE": 0.0017771838820750036, 
         "fit": 60.80536857268635, 
         "v": 1.2878710870620242
      }, 
      "Mogi": {
         "dV": 1.129735174927496, 
         "avg_RMSE": 0.019277712583086356, 
         "fit": 57.8615910367193
      }, 
      "Bals": {
         "H": 17.67922792880423, 
         "R": 25.248554127261286, 
         "avg_RMSE": 0.0018161499039297622, 
         "fit": 63.38209784972312, 
         "v": 0.0005902553795561476
      }, 
      "Gaussian": {
         "R": 56.336510927554905, 
         "avg_RMSE": 0.0016481532829406285, 
         "fit": 64.1023009616754, 
         "v": 1.5751019017596033
      }
   }, 
   "Wink2019": {
      "Beyer": {
         "R": 156.5381496193865, 
         "avg_RMSE": 0.008732821742389502, 
         "fit": 87.02270474053495, 
         "v": 35.71898147097615
      }, 
      "Mogi": {
         "dV": 66.37050531292262, 
         "avg_RMSE": 0.04329607880984983, 
         "fit": 91.18935986627744
      }, 
      "Bals": {
         "H": 60.8461209122596, 
         "R": 86.89726629883324, 
         "avg_RMSE": 0.008601688097570946, 
         "fit": 86.02538140793031, 
         "v": 0.0016537249943012452
      }, 
      "Gaussian": {
         "R": 177.99336316523684, 
         "avg_RMSE": 0.005302678972164479, 
         "fit": 91.82028884388563, 
         "v": 44.779533929002234
      }
   }, 
   "Nof2019": {
      "Beyer": {
         "R": 28.484480929513204, 
         "avg_RMSE": 0.005588810846508934, 
         "fit": -4.147631985503135, 
         "v": 0.17822437628475882
      }, 
      "Mogi": {
         "dV": 0.37909780421309636, 
         "avg_RMSE": 0.03655879817813114, 
         "fit": -9.710276731993016
      }, 
      "Bals": {
         "H": 10.801074111606667, 
         "R": 15.425532463164918, 
         "avg_RMSE": 0.005507273148657453, 
         "fit": -4.483233720510842, 
         "v": 0.0002486522844984274
      }, 
      "Gaussian": {
         "R": 32.185519656794, 
         "avg_RMSE": 0.005429587386559102, 
         "fit": -4.124677169003623, 
         "v": 0.2210273216922465
      }
   }
}