{
   "Baer2018_1": {
      "Gaussian": {
         "v": 0.00022475777480642184,
         "R": 30.800019218796876,
         "fit": 7.645008516415528,
         "avg_RMSE": 5.031688141269084
      },
      "Beyer": {
         "v": 0.0002314961077081109,
         "R": 27.30827381700555,
         "fit": 7.556980605999929,
         "avg_RMSE": 5.188999537134053
      },
      "Bals": {
         "H": 10.162719994188159,
         "v": 0.00026218764327348725,
         "R": 14.513868302778054,
         "fit": 8.556797188300672,
         "avg_RMSE": 5.137911406806374
      },
      "Mogi": {
         "dV": 227.83304796629446,
         "fit": -5704.960770476388,
         "avg_RMSE": 5.031688141269084
      }
   },
   "Baer2018_2": {
      "Gaussian": {
         "v": 0.0005527988117008342,
         "R": 33.444902496908746,
         "fit": 48.93042139184221,
         "avg_RMSE": 2.3643466328054
      },
      "Beyer": {
         "v": 0.0005711390164327318,
         "R": 29.730767939868596,
         "fit": 47.916650815548344,
         "avg_RMSE": 2.3913609889355993
      },
      "Bals": {
         "H": 12.899257371149568,
         "v": 0.0005936058310267131,
         "R": 18.422048703060785,
         "fit": 51.090333477402424,
         "avg_RMSE": 2.543605567459587
      },
      "Mogi": {
         "dV": 1.0036314553589696,
         "fit": 50.57396482933654,
         "avg_RMSE": 0.01635899586386666
      }
   },
   "Baer2018_3": {
      "Gaussian": {
         "v": 0.0004962822733543308,
         "R": 56.33651092755529,
         "fit": 64.10230096168237,
         "avg_RMSE": 1.6481532829405037
      },
      "Beyer": {
         "v": 0.0005097898828547277,
         "R": 50.26209544079785,
         "fit": 60.80536857270562,
         "avg_RMSE": 1.7771838820746417
      },
      "Bals": {
         "H": 17.679227928959524,
         "v": 0.0005902553794672967,
         "R": 25.248554127483068,
         "fit": 63.38209785107165,
         "avg_RMSE": 1.8161499038983002
      },
      "Mogi": {
         "dV": 1.129735174927496,
         "fit": 57.8615910367193,
         "avg_RMSE": 0.019277712583086356
      }
   },
   "Nof2013": {
      "Gaussian": {
         "v": 0.0029047092163197044,
         "R": 62.342514522852426,
         "fit": 59.191759627349036,
         "avg_RMSE": 129.72099501819307
      },
      "Beyer": {
         "v": 0.002957436470481802,
         "R": 56.91200041671359,
         "fit": 58.13805919206325,
         "avg_RMSE": 132.9408008165567
      },
      "Bals": {
         "H": 24.852638560954745,
         "v": 0.003135963964911239,
         "R": 35.493246223109736,
         "fit": 61.27844493679394,
         "avg_RMSE": 123.37414298151762
      },
      "Mogi": {
         "dV": 6.676856276033911,
         "fit": 64.71144314212243,
         "avg_RMSE": 1.136537931420341
      }
   },
   "Nof2019": {
      "Gaussian": {
         "v": 0.00021336584997175373,
         "R": 32.18551965678917,
         "fit": -4.124677168834613,
         "avg_RMSE": 5.429587386555654
      },
      "Beyer": {
         "v": 0.00021965974951313329,
         "R": 28.484480929473108,
         "fit": -4.147631984023566,
         "avg_RMSE": 5.588810846478539
      },
      "Bals": {
         "H": 10.80107411048391,
         "v": 0.00024865228435721424,
         "R": 15.425532461561454,
         "fit": -4.483233647013996,
         "avg_RMSE": 5.507273147262721
      },
      "Mogi": {
         "dV": 0.37909780421309636,
         "fit": -9.710276731993016,
         "avg_RMSE": 0.03655879817813114
      }
   },
   "Wink2016": {
      "Beyer": {
         "R": 490.668750730957,
         "avg_RMSE": 0.003491392292778718,
         "fit": 67.76345735232086,
         "v": 77.41286350335778
      },
      "Mogi": {
         "dV": 287.98147374701125,
         "avg_RMSE": 0.034210176446647006,
         "fit": 64.49948804292855
      },
      "Bals": {
         "H": 208.91053812580117,
         "R": 298.3551686117855,
         "avg_RMSE": 0.002954056604427445,
         "fit": 72.90695304175672,
         "v": 0.00034691933533114594
      },
      "Gaussian": {
         "R": 553.0609564207195,
         "avg_RMSE": 0.0031029853674313544,
         "fit": 71.14966173149341,
         "v": 95.78920335026163
      }
   },
   "Wink2019": {
      "Gaussian": {
         "v": 0.0014134223386665222,
         "R": 177.99336316524386,
         "fit": 91.82028884388075,
         "avg_RMSE": 0.00530267897216661
      },
      "Beyer": {
         "v": 0.001457668184026366,
         "R": 156.53814961935905,
         "fit": 87.02270474052105,
         "avg_RMSE": 0.008732821742395553
      },
      "Bals": {
         "H": 60.846120915197915,
         "v": 0.0016537249940226032,
         "R": 86.8972663030296,
         "fit": 86.02538140684906,
         "avg_RMSE": 0.00860168809698198
      },
      "Mogi": {
         "dV": 66.37050531292262,
         "fit": 91.18935986627744,
         "avg_RMSE": 0.043296078809849835
      }
   }
}