{"Baer2018_1": {"Gaussian": {"v": 0.21321448157705633, "R": 30.800019218796024, "fit": 7.645008516944047, "avg_RMSE": 0.005031688141258457}, "Beyer": {"v": 0.17263632842325774, "R": 27.308273817005716, "fit": 7.5569806054765145, "avg_RMSE": 0.005188999537145016}, "Bals": {"H": 10.162719992984242, "v": 0.00026218764348755885, "R": 14.513868301058682, "fit": 8.55679711760641, "avg_RMSE": 0.005137911408496502}, "Mogi": {"dV": 227.83304796629446, "fit": -5704.960770476388, "avg_RMSE": 0.005031688141258457}}}