{"Baer2018_2": {"Gaussian": {"v": 0.618339469688475, "R": 33.4449024969088, "fit": 48.93042139182347, "avg_RMSE": 0.002364346632805547}, "Beyer": {"v": 0.504840378274493, "R": 29.73076793986849, "fit": 47.91665081559642, "avg_RMSE": 0.0023913609889351286}, "Bals": {"H": 12.899257371487588, "v": 0.0005936058312061829, "R": 18.422048703543528, "fit": 51.090333471753375, "avg_RMSE": 0.0025436055674418825}, "Mogi": {"dV": 1.0036314553589696, "fit": 50.57396482933654, "avg_RMSE": 0.01635899586386666}}}