{"Baer2018_3": {"Gaussian": {"v": 1.5751019017596033, "R": 56.336510927554905, "fit": 64.1023009616754, "avg_RMSE": 0.0016481532829406285}, "Beyer": {"v": 1.2878710870620242, "R": 50.2620954408024, "fit": 60.80536857268635, "avg_RMSE": 0.0017771838820750036}, "Bals": {"H": 17.67922792880423, "v": 0.0005902553795561476, "R": 25.248554127261286, "fit": 63.38209784972312, "avg_RMSE": 0.0018161499039297622}, "Mogi": {"dV": 1.129735174927496, "fit": 57.8615910367193, "avg_RMSE": 0.019277712583086356}}}