{"Nof2013": {"Gaussian": {"v": 11.28941122776873, "R": 62.34251452280463, "fit": 59.19175962767963, "avg_RMSE": 0.12972099501840034}, "Beyer": {"v": 9.579065134660315, "R": 56.91200041756713, "fit": 58.138059191278614, "avg_RMSE": 0.13294080081555876}, "Bals": {"H": 24.852638565223096, "v": 0.003135963968769697, "R": 35.493246229205575, "fit": 61.278444917253104, "avg_RMSE": 0.1233741429750966}, "Mogi": {"dV": 6.676856276033911, "fit": 64.71144314212243, "avg_RMSE": 1.136537931420341}}}