{"Nof2019": {"Gaussian": {"v": 0.2210273216922465, "R": 32.185519656794, "fit": -4.124677169003623, "avg_RMSE": 0.005429587386559102}, "Beyer": {"v": 0.17822437628475882, "R": 28.484480929513204, "fit": -4.147631985503135, "avg_RMSE": 0.005588810846508934}, "Bals": {"H": 10.801074111606667, "v": 0.0002486522844984274, "R": 15.425532463164918, "fit": -4.483233720510842, "avg_RMSE": 0.005507273148657453}, "Mogi": {"dV": 0.37909780421309636, "fit": -9.710276731993016, "avg_RMSE": 0.03655879817813114}}}