{"Wink2019": {"Gaussian": {"v": 44.779533929002234, "R": 177.99336316523684, "fit": 91.82028884388563, "avg_RMSE": 0.005302678972164479}, "Beyer": {"v": 35.71898147097615, "R": 156.5381496193865, "fit": 87.02270474053495, "avg_RMSE": 0.008732821742389502}, "Bals": {"H": 60.8461209122596, "v": 0.0016537249943012452, "R": 86.89726629883324, "fit": 86.02538140793031, "avg_RMSE": 0.008601688097570946}, "Mogi": {"dV": 66.37050531292262, "fit": 91.18935986627744, "avg_RMSE": 0.04329607880984983}}}