{"Wink2016": {"Gaussian": {"v": 95.78920335026163, "R": 553.0609564207195, "fit": 71.14966173149341, "avg_RMSE": 0.0031029853674313544}, "Beyer": {"v": 77.41286350335778, "R": 490.668750730957, "fit": 67.76345735232086, "avg_RMSE": 0.003491392292778718}, "Bals": {"H": 208.91053812580117, "v": 0.00034691933533114594, "R": 298.3551686117855, "fit": 72.90695304175672, "avg_RMSE": 0.002954056604427445}, "Mogi": {"dV": 287.98147374701125, "fit": 64.49948804292855, "avg_RMSE": 0.034210176446647006}}}